{
  "basic_stats": {
    "length": 1000,
    "mean": 7.388804788208995,
    "std": 34.91599222737958,
    "min": -54.92249319121998,
    "max": 116.11537359965158,
    "skewness": 1.261723402090546,
    "kurtosis": 0.9949643165434563
  },
  "missing_values": {
    "total_missing": 0,
    "missing_ratio": 0.0,
    "missing_by_column": {
      "timestamp": 0,
      "value": 0
    }
  },
  "outliers": {
    "count": 82,
    "ratio": 0.082,
    "outlier_values": [
      87.23567016332986,
      86.19197091674778,
      87.09837649919278,
      87.91395635557478,
      94.06825528494667,
      93.46536732383476,
      94.6826882851662,
      97.0366792683265,
      97.78367306497408,
      96.08143215404073
    ]
  },
  "stationarity": {
    "variance_ratio": 4.295897927892082,
    "is_stationary": false
  },
  "distribution": {
    "normality_test": {
      "statistic": 0.8703967012769674,
      "p_value": 5.4547407825553385e-28,
      "is_normal": false
    },
    "has_negative_values": true,
    "has_zero_values": false
  },
  "quality_score": 0.8754000000000001
}