{
  "basic_stats": {
    "length": 1000,
    "mean": -721.5709184578257,
    "std": 2208.774014418336,
    "min": -3430.872399335031,
    "max": 7381.589415941459,
    "skewness": 0.9887685651105761,
    "kurtosis": 1.069177312576325
  },
  "missing_values": {
    "total_missing": 0,
    "missing_ratio": 0.0,
    "missing_by_column": {
      "timestamp": 0,
      "value": 0
    }
  },
  "outliers": {
    "count": 22,
    "ratio": 0.022,
    "outlier_values": [
      5613.826345906079,
      5695.760217064086,
      5780.70914638157,
      5868.774423445186,
      5958.527335589602,
      6044.443824936872,
      6130.170983697415,
      6215.883843777919,
      6296.998156183922,
      6384.081962120479
    ]
  },
  "stationarity": {
    "variance_ratio": 2.51704584534166,
    "is_stationary": false
  },
  "distribution": {
    "normality_test": {
      "statistic": 0.9078581383161994,
      "p_value": 4.1426980895097565e-24,
      "is_normal": false
    },
    "has_negative_values": true,
    "has_zero_values": true
  },
  "quality_score": 0.8934
}