{
  "basic_stats": {
    "length": 1000,
    "mean": 0.0009517327481979017,
    "std": 1.0019272850251923,
    "min": -3.403379505178788,
    "max": 3.329190643641782,
    "skewness": -0.03526253259858727,
    "kurtosis": 0.08007384267274142
  },
  "missing_values": {
    "total_missing": 0,
    "missing_ratio": 0.0,
    "missing_by_column": {
      "timestamp": 0,
      "value": 0
    }
  },
  "outliers": {
    "count": 10,
    "ratio": 0.01,
    "outlier_values": [
      -2.865710285116329,
      -2.669226844330762,
      2.984294026150955,
      -2.667063353389622,
      -2.711559629344692,
      3.080505178690793,
      -2.711977456534996,
      -3.403379505178788,
      -2.888349546369997,
      3.329190643641782
    ]
  },
  "stationarity": {
    "variance_ratio": 1.0300150896223688,
    "is_stationary": true
  },
  "distribution": {
    "normality_test": {
      "statistic": 0.9992445093148182,
      "p_value": 0.9668094570347302,
      "is_normal": true
    },
    "has_negative_values": true,
    "has_zero_values": false
  },
  "quality_score": 0.997
}